<?xml version='1.0' encoding='UTF-8'?>
<addon id="skin.auramod_gtking" version="0.0.2" name="AuraMOD [COLOR FFe60606]GTKING[/COLOR]" provider-name="auramod,beelinkgtking2">
    <requires>
        <import addon="xbmc.gui" version="5.14.0"/>
        <import addon="script.skin.helper.service" version="1.1.24"/>
        <import addon="script.skin.helper.widgets" version="1.0.0"/>
        <import addon="script.skinshortcuts" version="1.0.20"/>
        <import addon="script.image.resource.select" version="0.0.5"/>
        <import addon="resource.images.studios.white" version="0.0.10"/>
        <import addon="resource.images.studios.coloured" version="0.0.18"/>
        <import addon="resource.images.moviegenreicons.transparent" version="0.0.6"/>
    </requires>
    <extension point="xbmc.gui.skin" defaultthemename="Textures.xbt" debugging="false" effectslowdown="1">
        <res width="1920" height="1080" aspect="16:9" default="true" folder="1080i"/>
    </extension>
    <extension point="xbmc.addon.metadata">
        <summary lang="en">Mod GTKING de AuraMod, Minimalista, Personalizable, Multiple Widgets.</summary>
        <description lang="en">Mod GTKING de AuraMod. 
		Aura es un skin altamente personalizable con múltiples widgets y menú vertical. Aura combina el minimalismo y los bordes redondeados de Arctic Zephyr con la elegante personalización de Horizon y Titan Bingie. [COLOR cyan]AuraMod by skyfsza[/COLOR]</description>
        <news>Nuevos cambios:
		
		- Ajustes del wizard
		- Otras mejoras
		</news>
		<platform>all</platform>
        <license>Creative Commons Attribution Non-Commercial Share-Alike 4.0</license>
        <forum/>
        <source/>
        <assets>
            <icon>icon.png</icon>
            <fanart>fanart.jpg</fanart>
            <screenshot>resources/screenshot-01.jpg</screenshot>
            <screenshot>resources/screenshot-02.jpg</screenshot>
            <screenshot>resources/screenshot-03.jpg</screenshot>
            <screenshot>resources/screenshot-04.jpg</screenshot>
            <screenshot>resources/screenshot-05.jpg</screenshot>
        </assets>
    </extension>
</addon>
