<?xml version="1.0" encoding="UTF-8" standalone="yes"?>
<addon id="repository.repogtking" name="[COLOR ff1e90ff]GTKING[/COLOR] Repo" version="1.2" provider-name="beelinkgtking2">
       <extension point="xbmc.addon.repository" name="[COLOR ff1e90ff]GTKING[/COLOR] Repo">
              <info>https://raw.githubusercontent.com/beelinkgtking2/Repo-GTking/master/addons.xml</info>
              <checksum>https://raw.githubusercontent.com/beelinkgtking2/Repo-GTking/master/addons.xml.md5</checksum>
              <datadir zip="true">https://raw.githubusercontent.com/beelinkgtking2/Repo-GTking/master/</datadir>
       </extension>
       <extension point="xbmc.addon.metadata">
              <summary>GTKING repo</summary>
              <description lang="es">Repositorio de addons GTKING</description>
              <disclaimer></disclaimer>
              <platform>all</platform>
       </extension>
</addon>
