<?xml version="1.0" encoding="UTF-8" standalone="yes"?>
<addon id="repository.repo-gtking" name="GTKING [COLOR chartreuse3]Repo[/COLOR]" version="1.0" provider-name="beelinkgtking2">
    <extension point="xbmc.addon.repository" name="GTKING repo">
        <info>https://raw.githubusercontent.com/beelinkgtking2/Repo-GTking/master/addons.xml</info>
        <checksum>https://raw.githubusercontent.com/beelinkgtking2/Repo-GTking/master/addons.xml.md5</checksum>
        <datadir zip="true">https://raw.githubusercontent.com/beelinkgtking2/Repo-GTking/master/</datadir>
    </extension>
    <extension point="xbmc.addon.metadata">
        <summary>GTKING repo</summary>
        <description lang="es">Repositorio de addons GTKING</description>
        <disclaimer></disclaimer>
        <platform>all</platform>
    </extension>
</addon>
