<?xml version="1.0" encoding="UTF-8" standalone="yes"?>
<addon id="repository.alfa-addon" name="[COLOR gold]Alfa-Addon[/COLOR] Repo" version="1.0.5" provider-name="Alfa Addon">
    <requires>
        <import addon="xbmc.addon" version="12.0.0"/>
    </requires>
    <extension point="xbmc.addon.repository" name="Alfa-Addon Repo">
        <info>https://bitbucket.org/alfa_addon/alfa-repo/raw/master/addons.xml</info>
        <checksum>https://bitbucket.org/alfa_addon/alfa-repo/raw/master/addons.xml.md5</checksum>
        <datadir zip="true">https://bitbucket.org/alfa_addon/alfa-repo/raw/master/</datadir>
    </extension>
    <extension point="xbmc.addon.metadata">
        <summary>Repositorio para Alfa-Addon</summary>
        <description></description>
        <disclaimer>The owners and submitters to this repository do not host or distribute any of the content displayed by these addons nor do they have any affiliation with the content providers.</disclaimer>
        <platform>all</platform>
    </extension>
</addon>
